loanApproved,age,employed,monthly_income,retirement_savings,portfolio_allocation
True,71,1,6237.440565166444,460242.97185237415,0.04097352393619469
True,29,1,13953.06692733266,189096.69105855838,0.6066357757671799
True,57,1,14220.869085453218,369207.1201004424,0.8158535541215322
True,42,1,3403.0269036655723,272156.70461356663,0.7296554464299441
True,23,1,9497.5346429891,149298.9867751139,0.2997118905373848
False,43,0,124.28327649956394,454986.56929679273,0.6706244146936303
True,34,1,7604.130651142601,222250.1718808182,0.997209935789211
True,41,1,10805.511315213796,266211.1957023457,0.6884467305709401
False,73,0,721.4883401940817,391033.9079810898,0.5253543224757259
False,44,0,889.4878343490002,400059.52833538153,0.9340435159562497
True,60,1,6862.432692911306,389578.56918631855,0.5943000301996968
False,65,0,890.2743520047924,450430.92006141087,0.22715759353337972
False,21,0,832.6441476533978,377582.3202800623,0.7870983074886834
True,67,1,3702.8164176623322,434590.7266139266,0.3361170605456604
False,72,0,796.3242702872942,342023.6429420249,0.23064220899374743
False,53,0,198.51304450925534,442297.0868603043,0.0907530456191219
False,74,0,671.9948779563593,510963.0683741334,0.1995154439682133
False,21,0,105.49527957022953,508123.93417228124,0.6291081515397092
False,43,0,954.5904936907373,412858.39299635455,0.499895813687647
True,77,1,14941.15806282389,419466.56744086643,0.9489436749377653
True,70,1,8969.072345851428,455743.0428218559,0.5293121601967704
False,22,0,734.4835717887294,509054.9285192192,0.7111428779897498
False,29,0,729.0151170763094,515862.3908476979,0.9274239286245599
False,72,0,863.6400902455757,513828.4920901609,0.9811950400663443
False,40,0,972.628813822955,488236.55246767483,0.8899355557205206
False,32,0,232.37291963930383,507436.0243269026,0.8018805787183079
False,79,0,538.9344076221869,508857.08657322323,0.4427528289745315
False,61,0,732.0061956565607,337533.74629854626,0.6143732469489966
True,76,1,3191.9007542828635,429471.60567514243,0.7579510023564281
True,74,1,3792.9899606888966,344807.7636639958,0.8413172796123832
False,58,0,430.2987319478333,438861.60365496116,0.9660620807840702
False,65,0,241.67571409434495,375020.01751360815,0.8881183206591798
False,25,0,288.3307570075776,437316.3773124863,0.5861230648127328
True,66,1,9725.71142407423,428773.5304909703,0.2884212144312105
True,48,1,10518.077549037042,311660.4514688384,0.9590776426974422
True,23,1,10127.090419358019,148578.231199285,0.84829120827506
False,69,0,909.9589616622969,488299.6519784491,0.043066888568204176
False,67,0,829.8039852781027,401435.7607425198,0.009954560807291957
False,24,0,652.6145763366385,465513.36301122745,0.2738490985995572
True,57,1,4521.805227134973,369354.6067941609,0.8647782954007741
False,48,0,429.77406117857663,517482.54870346125,0.48884954683346427
True,61,1,6706.2883526311325,397444.11253089225,0.26983678550080015
True,58,1,9128.478066523743,378286.7851052184,0.34429573096232524
False,64,0,182.71237892656245,486331.258561516,0.8800981213040697
True,35,1,14500.963581335423,228145.44610858455,0.9257145772144187
True,57,1,5965.7608838652895,370942.1608082188,0.1412465569010316
True,20,1,5004.635145387266,131066.66499216174,0.395557273104876
True,54,1,9940.030979115272,351067.65784640645,0.19412977289079358
True,65,1,4067.227682955264,422685.62856118503,0.9819426931267062
False,46,0,772.6492012253887,444107.3313753164,0.9782657138401457
False,78,0,187.5077157277849,369181.3842271016,0.6725266339168693
True,59,1,10226.870116555509,382387.8896903777,0.962423093124381
False,49,0,744.0974792826482,405805.0656927017,0.1772267404746588
False,76,0,725.8808637757768,407138.40624634223,0.08776788675948677
True,79,1,8667.604041000137,477521.068946838,0.9126219336408856
True,76,1,4528.836108586876,345497.9229274376,0.07356290533063203
True,31,1,10608.839752169319,200625.21288211085,0.496571693798853
True,34,1,6816.208654149576,220896.92385505504,0.7108798632659449
True,64,1,12475.988789518444,416204.7721086411,0.09274547552338075
False,34,0,808.1367518135681,519804.3742732122,0.4888460361292599
False,49,0,963.0191401242672,423493.242249986,0.800917036608609
True,70,1,10234.186862893395,456075.59598303924,0.6551210639913803
False,73,0,834.9882039584006,393938.5579359137,0.3818147799662388
True,61,1,12374.286024916539,396298.83383070445,0.48553513877958776
True,18,1,4041.77846657873,117751.80202163338,0.708418756913866
True,78,1,6867.440696877981,374917.3382680012,0.7966391827460546
False,43,0,417.4481122043798,353524.0737195977,0.5414099836301646
False,76,0,0.3006901069229073,493836.04814206203,0.744380726347399
False,30,0,703.7857692667978,518501.01568106643,0.8211030883946387
True,20,1,8089.277825328154,131232.35945261613,0.9796887085096565
True,44,1,12041.358463006862,285937.98238711874,0.9138376676731629
True,33,1,11418.822792742474,215195.89590195703,0.2939242559745576
True,55,1,4126.141841199675,356391.7266348343,0.3913804263046642
False,46,0,428.5396081429238,443429.8071115309,0.42373744297044735
False,79,0,933.7689099568427,488503.70182294806,0.684050448075033
True,54,1,9999.84056308171,351549.86574270617,0.0402182209046007
True,58,1,12911.486666044791,377814.4346479469,0.5321604734743441
True,50,1,7206.657736414658,324718.3544785801,0.1710214400206741
True,63,1,8270.747182299678,408531.13202699635,0.5883801094292148
True,38,1,6360.988822397993,247943.6699963163,0.19061756040401823
True,27,1,8813.987308155005,174423.6323337586,0.8988237652484845
True,29,1,6935.78747717523,188954.47648991493,0.17540974998508108
False,32,0,329.8958324939358,369976.8250609665,0.9436777652291878
False,36,1,3288.158408056191,234996.88870744727,0.16336809113695616
True,30,1,9682.025880647883,195150.1437148154,0.22245339599136027
False,44,0,712.9936309379207,454769.34547289414,0.7167506805637281
True,64,1,3884.5971914944503,416193.38292505464,0.24640596905097556
False,56,0,992.023228581445,361001.0998987775,0.9237453573751813
True,40,1,11354.58127324148,259512.74868246305,0.13654341430088612
True,28,1,13813.29712107404,181321.25365039732,0.34174265020613526
True,70,1,10019.79216270814,454365.9900557125,0.4765884217057704
False,32,0,17.891420896975262,368422.7299027222,0.5799701805640948
True,50,1,4289.726740633767,324726.1154723845,0.4520887883271084
False,70,0,748.755725003935,469898.8086228449,0.6437047620803104
False,37,0,352.7434156964051,413141.67307999975,0.5198330743342318
False,73,0,194.0274549007932,363005.7337581798,0.9450246483046265
True,43,1,12865.64590877328,279413.6371515951,0.391293757078108
True,62,1,11168.23590684255,403669.7511231635,0.8369437364290709
True,71,1,13955.689272082538,460665.56298771576,0.8228071330945887
True,52,1,4040.1758773745137,337731.55490659893,0.4258562402940216
False,75,0,937.9051086359893,333079.9089648316,0.09477667836116699
False,76,0,990.744718241222,489815.77159526537,0.2646951283884399
False,49,0,586.3783547983777,468144.2119205902,0.958409335179392
True,72,1,9894.679789068476,468876.322282472,0.9833347065534214
True,35,1,13661.878642938003,227126.5478205791,0.6314915172616167
True,24,1,5718.004748188363,155142.20410419867,0.7775441238817054
True,31,1,9430.787154949372,202177.26515652964,0.6719028034776905
False,70,0,624.9409616679835,448725.4324897776,0.41395588246519277
True,64,1,10025.755029127462,416052.0656687321,0.7328860768587152
False,54,0,286.76886544853517,464118.3397362271,0.22915166999670655
True,67,1,5345.790155719156,435944.99202875246,0.9718374166111121
True,36,1,13094.10421853961,233937.45666226084,0.48652043330315486
False,63,0,156.13548139069232,492362.2617717703,0.7116205788809175
True,30,1,7425.858200351402,195164.8724315524,0.5757220912190522
True,22,1,7652.090543468272,143980.02552265543,0.1647826520660035
True,76,1,3579.1871400227437,452916.6374531775,0.19822403083948237
True,21,1,10280.310080886606,135505.8680956817,0.19158919612655823
True,79,1,12786.124879908137,346410.18548685435,0.2170671810721262
True,53,1,5301.805777623055,345210.4879549073,0.06742372048426959
True,62,1,7780.026613178825,402420.5143125361,0.2940763601682844
False,63,0,576.9076431162621,399595.2745865777,0.5278200781124773
True,56,1,11109.20930336952,363706.9667791349,0.5582789479750343
True,37,1,10102.833398569326,239988.32263292704,0.3403238573806664
True,31,1,10348.10086802221,201195.37882313444,0.6107984389218087
True,44,1,14829.23562235703,286891.83825793397,0.42802451904395167
False,52,0,875.2282537019719,381851.7902090773,0.9417061555298863
False,52,0,483.0084134337993,516565.6120633439,0.18271225766227794
True,49,1,14527.97863116326,318539.4169539469,0.6038696577407527
True,73,1,10828.187588268254,509477.4900613423,0.24855767636724513
False,60,0,773.5562283092991,366951.0149413532,0.5009379569884868
False,75,0,574.4107688028172,334757.44556540763,0.14300208426428052
False,56,0,762.1971718592197,393672.98212824,0.614157273742888
True,57,1,8814.175597318479,371217.6822963564,0.9995013522570269
True,36,1,6114.586873665337,233218.1901636782,0.15229496284881394
False,22,0,512.1491196209004,480183.51753363287,0.19460934773223448
True,21,1,6792.05982912289,136745.37396653317,0.50806419675629
True,41,1,4769.669453584277,267099.83558923187,0.28087106140315643
True,63,1,13799.34952126738,409257.193397088,0.4478583619887434
False,35,0,231.37257265474554,382387.4031459476,0.6507663347633983
True,37,1,6247.7807478253,240677.2787689445,0.6733596312251477
True,66,1,13745.001307582057,428089.5204192762,0.16998845146941277
False,77,0,76.43902091821697,363605.77264054125,0.5342310236037406
False,26,1,3271.3263665625614,168930.33032561027,0.3746069717348577
False,22,0,355.90621951729054,385640.97458233096,0.22279143552845215
True,45,1,8006.104395717914,292789.05357632885,0.38586494126072
True,58,1,10923.318539132217,377212.9467054902,0.08475896722401388
True,75,1,12546.820393721395,356932.76645291905,0.5885342519393526
False,49,0,323.0536931058179,421852.80697259493,0.9275588094659627
True,57,1,8516.099439324298,370461.3306567931,0.755118106560127
True,46,1,6806.151320006155,298390.8409787151,0.8898652636367038
False,57,0,721.165786116842,456829.89519589354,0.6766044632445796
True,63,1,10035.170532221799,409939.9296781881,0.11527895307851443
False,70,0,182.84287895470064,403964.50840156263,0.42087840519534825
False,76,0,426.95760403988737,403792.55930485594,0.6236172436233424
True,77,1,5771.065144539324,474291.19048391475,0.14382527227092345
True,33,1,8152.44831953715,214925.57772225534,0.13676728481771305
True,41,1,4967.311838493912,266124.65642459266,0.6893017369301842
True,75,1,12018.476251300695,510187.3954672552,0.2737311702333963
False,34,0,184.82401447839825,471098.79982360406,0.241902971147135
True,30,1,8572.504894728796,195666.81448693498,0.2225333387721835
False,64,0,247.34122040485585,417758.8087556643,0.8063603195749761
True,33,1,10219.969250787073,213687.24850961572,0.789544646958382
False,77,0,376.70605180068264,421824.24124583526,0.4941992058820347
True,73,1,5078.286382944511,500890.98662841925,0.8514859146296521
False,78,0,9.390369621182337,408211.35692114494,0.29275297281953516
True,43,1,3856.9031646417934,279436.1048793281,0.7813052652283013
False,50,0,366.08030867065855,378380.06055734726,0.3809014070809107
False,61,0,419.918831202575,419241.73599270446,0.9622613949147543
True,68,1,3366.3848590026664,440772.3213561129,0.0661102585732195
True,35,1,5642.792293365542,228267.9519525741,0.5764201812930485
False,80,0,245.67749270908678,422475.40116825845,0.7254085871405749
False,50,0,87.44511746968864,495456.26116001996,0.7371675011394206
True,70,1,9121.068089816445,454286.70927192405,0.15345456636464716
False,36,0,851.8573736056136,384194.4804297409,0.6501974188352687
True,35,1,8225.282103847323,227314.6905574605,0.9827639451941653
True,72,1,3174.4995763322327,467736.0439512408,0.7182212650931682
False,31,0,198.82580036557883,370042.62353974936,0.9295115137269889
True,72,1,10168.147482921637,467913.3330031826,0.8584434272995116
True,69,1,9286.758770722856,449063.1803677039,0.9563346594226189
True,45,1,14308.326387703853,291518.1556211483,0.8022461563180587
False,24,0,616.2417502970512,405251.9111381465,0.2712066827619659
False,63,0,762.1716630603877,357356.3182168019,0.8544977036455471
True,70,1,7740.155159971044,454908.97998045624,0.7900153179807999
True,62,1,9793.246518952883,402791.0459974647,0.9782481140195477
True,43,1,7985.2629995176185,280233.4107571373,0.1826686513908088
False,68,0,565.7547308350559,370048.74359744124,0.6460150798913267
False,49,0,987.0333435599575,355629.2573913087,0.8173901430779064
True,42,1,6097.562421019307,273708.80251099623,0.24728474038832604
True,37,1,13151.488127184488,241143.72405558522,0.13665200788665877
False,73,0,325.88340812738545,492558.1567658667,0.7343028775489074
False,79,0,154.81155666046197,506612.2599573531,0.991684718333888
False,49,0,814.4143079996651,505351.21323470376,0.08969322221638654
True,32,1,5362.357377126318,208248.4426225866,0.2956872469976992
False,29,0,736.2338159474546,371444.0382574044,0.5923628693439936
True,76,1,3168.7090217869422,362747.24368684244,0.11174781530304423
False,46,0,11.909738341017828,377608.7997486352,0.9299075236636783
False,30,0,375.6423257052541,398925.30867229763,0.9407387157284419
False,57,0,298.50727250244836,401399.9012798041,0.9762450350517937
False,26,0,657.9823942390767,402801.3463922146,0.7166049207154763
False,50,0,409.25145118357807,521057.90268301603,0.4390682105123638
True,80,1,10450.906781039415,462716.1761596387,0.19391794786825467
True,49,1,3904.6648643321723,318049.8042736191,0.37948651670215705
True,32,1,10836.638620419457,207921.11453389566,0.18138778838836134
True,69,1,3190.2316707284895,448069.2124060264,0.3709936118290369
False,69,0,869.1937155246815,499758.20468394045,0.43830503829947387
True,40,1,8095.412339215601,260841.39602383625,0.2523030876577458
True,74,1,5546.712838585911,355956.86617836845,0.13007049345508348
True,27,1,7840.6984511527,176527.9414411754,0.8203077943609558
False,35,0,32.57234981461099,478861.358334478,0.18033608654568278
False,41,0,564.1320600178602,477662.1975157685,0.19126676558804678
False,59,0,549.0799390767672,418808.60000190645,0.2934082569002835
False,60,0,809.5196470699202,475002.499242546,0.907498923376134
False,38,0,843.7843494440268,458548.7158463624,0.0038208757991569087
True,35,1,6919.874846307242,226200.49400417908,0.8565716909439779
True,34,1,6612.287771767386,220353.53251483076,0.6286279237601524
False,42,0,626.160386805535,367695.87464105425,0.4969348206161799
True,50,1,13588.639943848317,325535.84967159637,0.5495684050294842
False,74,0,801.4433643708679,477187.5109240781,0.8338562462810244
False,66,0,24.48846019798312,410206.7104129546,0.6582530782913107
True,72,1,13318.170330560506,467681.35479170433,0.533752093995238
True,59,1,11512.436346148848,384390.3025412849,0.6822828931380144
True,80,1,9192.521758082463,500878.528892072,0.5169081336074016
False,71,0,841.9158598104049,348347.33285601815,0.5048895637581793
False,18,0,291.196397645873,494108.210542658,0.5278850446638402
False,49,0,475.22462429202363,478261.89512285555,0.5825022517351911
True,32,1,9607.29457482092,207575.05330209841,0.9216180188623789
True,49,1,12164.705499812813,317651.85066869145,0.5512789807712775
False,45,0,290.8501182392267,454499.3430931425,0.9668786192650846
True,63,1,6553.917235612647,409675.16804681625,0.42894005858578843
False,57,0,456.4996271539488,337518.67793173954,0.599307057201131
False,24,0,0.22169971029817326,447548.52623226756,0.48253762200167294
False,69,0,242.0944021447967,491635.4400594537,0.8039918210590137
False,59,0,814.2237305412268,466169.34059509885,0.27714025303214274
True,80,1,8281.18894683195,334691.55089264666,0.6564422761737766
False,73,0,293.8234643879565,466193.46247598884,0.6805626097695981
True,35,1,12211.405278764909,226475.31116187992,0.07955156101373462
True,76,1,7282.053035533613,427714.832528202,0.5683712904835098
True,50,1,3923.3605347354273,324020.8460532242,0.7697902263664144
True,75,1,7825.705189808529,459637.47078166937,0.49226163606213835
False,78,0,46.03747135147218,431354.07550762245,0.9642115517216056
True,34,1,9375.53800469007,221168.0020656281,0.8196869026699722
False,20,0,641.9065646558054,488479.5548261559,0.1727406694369843
True,55,1,14277.703657717291,356785.4240533824,0.6290807895415105
True,61,1,12261.267323518765,396089.97143560386,0.7118882975250763
True,33,1,14223.228735612893,214154.9836458564,0.6848100430995354
True,53,1,12931.490312738071,343477.78757940256,0.8551837602671677
False,31,0,790.1278026602023,346139.3865688811,0.2748074958846842
True,20,1,12591.239477748468,129596.59267470501,0.6417678081403646
True,26,1,3258.239417369525,169927.6830542592,0.5626616557530582
False,64,0,383.31939654783196,404275.49878099206,0.16486371752648665
False,64,0,827.7629198311454,414887.2488437205,0.4962433103412679
True,53,1,13200.338451058806,343895.5441282537,0.2912607248243877
False,47,0,266.39909373329084,340037.8008656038,0.06621184820476289
True,30,1,5206.018648842655,196083.45832767469,0.07425772206542136
False,78,0,94.83079072396782,458740.3297485305,0.9706780583272027
True,75,1,9758.447949842346,491938.3002303009,0.07038971412017925
False,70,0,392.4678243761738,353639.13433077704,0.13530924400438926
True,38,1,9824.923074829352,247294.12416268096,0.5186855427460793
True,50,1,9050.458139334647,324367.0890267091,0.37914767869986854
False,32,0,560.8070533590343,415874.7714811011,0.795372341166364
False,62,0,188.1545037427702,395418.5799828519,0.09065223342495876
True,53,1,10088.576782858438,344381.9473403932,0.6621275899582407
False,77,0,296.2559550393429,426511.91037078964,0.5109604789214502
False,34,0,825.3015581668586,492617.5725554972,0.43331333598704
False,55,0,941.93958587313,478140.8366997007,0.11185734640122513
False,49,0,236.32066354151104,398599.9289641823,0.8705533043101933
True,73,1,14153.004007474281,407330.81426287006,0.8001925768935053
True,45,1,8485.252043145832,293415.09175918985,0.12617219508562783
True,78,1,4626.7852854276525,430649.187479092,0.8665265169784578
True,44,1,6218.1122495959125,286905.61331875995,0.21546148382164965
True,34,1,4772.465587303818,221933.4931273758,0.3658700862517067
False,63,0,336.8528956123934,488667.46958400705,0.3409538648840309
False,73,0,948.3535027347261,475729.96647629235,0.3122001509015734
False,42,0,767.8388019758179,356790.02230038855,0.017597976477304877
False,68,0,870.091964631436,423923.1477199149,0.32249837634659284
False,68,0,566.6782860196686,359026.12371882884,0.09599453394338342
True,39,1,5926.923434911336,253764.7446886117,0.06125371109147981
False,78,0,52.81672374379953,407535.2994170997,0.8305523165288154
True,32,1,11928.377616634672,206920.5093693036,0.2009640299899489
False,19,0,494.5801644671766,490060.1917934883,0.35774813957259866
False,72,0,554.7497004438227,475430.084221676,0.3874522444574018
True,48,1,11229.268008902682,311736.37593466445,0.7715943884023879
False,52,0,817.9334441482548,463446.54452751577,0.34552248556107346
True,79,1,11421.140825337421,334684.7692508258,0.9066857311312557
False,20,1,4167.872306258209,131196.64415788135,0.8725046308244404
False,53,0,133.26135036890807,462521.04384262924,0.8327610351493956
True,36,1,12078.110338229219,234102.03245963706,0.5941900745245673
False,33,0,783.8147042162946,352392.7772679665,0.38400178640768756
True,75,1,7439.552881340999,335314.36965188116,0.6058579549524877
False,70,0,539.8309298185687,347754.24742998224,0.6099074162239753
True,76,1,13094.653780405324,431098.58178591204,0.2867836259119313
True,22,1,11435.516222949202,144212.8809549961,0.2067223279584668
False,55,0,824.2024408289294,482047.8833062233,0.4525174757234932
True,51,1,13832.68000693934,331039.7280603403,0.8046024606542672
True,32,1,4840.0772891049655,208380.5183825861,0.26019497662267865
True,76,1,3604.035398346498,402192.50395262503,0.26886417202219004
True,67,1,3023.0082903332413,435070.2994520176,0.889995580142049
True,74,1,14229.129446740179,435639.10565826186,0.061598544897392804
False,78,0,702.2474860130695,378888.1444561159,0.8178183296912478
True,56,1,5128.961646377416,363041.33478911687,0.48007226916250967
False,47,0,374.1268879378249,392288.1526243824,0.6952669150405878
True,59,1,10815.84255752903,382963.1999159616,0.7857353223182313
False,75,0,237.05207687420747,498733.1435236597,0.5459469771383435
True,59,1,10287.345725623452,383494.89572990965,0.03177242506839173
False,72,0,347.4164266497423,363176.11346328334,0.9593880455018128
False,68,0,305.08916067632606,383321.70939184865,0.6426983422873438
True,39,1,11341.102434660752,254370.21816129808,0.43819407606230476
False,42,0,623.1937935705739,345757.54448299465,0.540022972411323
False,48,0,563.1385524840993,480887.08257638675,0.9760574447376523
False,62,0,196.47047256994333,340202.07936017483,0.2699624701089316
True,80,1,8090.762722411444,433021.58878562733,0.65854274728412
False,18,0,352.0259749571497,518717.14999586553,0.04062224652090485
False,68,0,25.46608982720777,357998.14961748075,0.21530291800605605
True,37,1,4819.555973527854,239234.44579055713,0.3399500669714246
True,59,1,6852.484734774075,384701.03058749984,0.8428784127039487
True,69,1,6128.902251044507,449234.89504144026,0.49214547473655834
True,18,1,12930.860378769628,117409.50677338937,0.5445742427218005
False,39,0,191.4062872470982,332697.06833201164,0.6972402657739201
True,70,1,3086.798644776834,455245.99601171777,0.616800920631613
False,59,0,592.2022917999896,433881.2736695278,0.7578470632733478
True,76,1,11504.060552466004,508021.81291724637,0.20590988238547225
False,63,0,583.7019560930296,521267.6722340269,0.10318288831478728
True,27,1,8541.42760161821,174270.68963796095,0.5661197462911464
False,35,0,974.6890565837917,359044.8296898727,0.08103152002912051
True,68,1,12287.665504093444,442939.1935353898,0.8528731602842214
True,46,1,7171.892828960653,299814.1201079457,0.581581153904974
False,48,0,81.42057315466612,391052.59585413995,0.4585851958450149
False,38,0,516.863517689244,499768.9365161091,0.3729777764220863
False,48,0,662.6710635814592,389026.72260422265,0.5680783804283241
False,53,0,367.6599607854942,348875.65769518545,0.23758604997457922
False,67,0,222.70312231213518,360739.8103419088,0.08331928511482978
False,68,0,373.2988802347688,332986.8028279997,0.23817385100892718
False,33,0,990.0536153551075,339899.07874436537,0.24514448354512286
True,30,1,9619.692568686134,195606.66276755638,0.38885151921681604
True,23,1,7756.263028737995,149536.8767045155,0.37532582691540106
False,18,0,173.97391084045367,460648.2114046893,0.38868101611537376
False,23,0,138.3952476761443,395191.1763532276,0.8081081213705834
True,78,1,3665.924225662257,337414.6901195136,0.5507735100335186
False,39,0,447.896798538948,355933.5323264143,0.523812301502496
False,25,0,780.483501532154,402201.31646785303,0.705787415532297
False,33,0,799.0027925904308,358763.84679729387,0.2631760625764509
True,54,1,13476.08818092857,350940.6478798779,0.8741878474623905
False,56,0,742.9635082731386,515331.82367854804,0.790157858482888
False,36,0,812.8116582970133,458668.72767195525,0.33679812170584567
True,58,1,6019.417256159982,375798.4065976735,0.9934282195815692
False,21,0,480.67774111907613,507998.548350784,0.7189508165431672
True,21,1,14646.160099091576,136256.42001923212,0.4413586394246871
True,19,1,11303.387724136868,123739.26090699817,0.902881155174481
True,60,1,7988.1403901665435,391294.97538750584,0.7713584350478655
False,63,0,707.2440369438052,501924.37364502414,0.9031598588825651
True,51,1,6344.965880179531,331521.0514100561,0.4063009048306149
True,72,1,6186.750848402166,468675.4257677856,0.660496100841534
False,65,0,870.3437965211187,513654.957357568,0.5052290228293579
True,26,1,14369.267662378506,169870.08757412867,0.18281794506295856
True,50,1,14367.339760164501,324658.183363343,0.649547041328845
True,45,1,4894.585148698889,293077.7719722502,0.9961861755797515
False,69,0,918.8747162343676,395377.0384435945,0.7123908747730557
True,40,1,6892.102481408465,258777.28420931194,0.3199610234502863
True,40,1,4296.018923402203,260405.77616633437,0.048672246638759575
True,49,1,3770.1154858469367,317794.51727932127,0.7598467671421846
True,71,1,3145.731428645115,462735.3777047214,0.19414925110151404
True,70,1,4580.6294225878255,454763.4837574983,0.004719357160004378
False,50,0,532.8033964475818,361374.4812242825,0.6807979123700109
False,39,0,52.985721519301364,412596.789098038,0.9965038654273245
True,68,1,6423.158568605933,441203.18984057487,0.14221787699006117
False,27,0,688.2786011315313,349535.8578610312,0.9896895416653955
False,22,0,801.6968258810094,512042.4041661583,0.6363889632375562
False,79,0,428.06236272923326,484823.0688640212,0.28640252521902043
False,71,0,379.80088694352486,505510.3094095078,0.6593980374623443
False,19,1,4019.5513904748186,124257.44673083672,0.8640794944806949
False,42,0,553.776592214094,342676.74991432397,0.4432132376626746
False,79,0,913.0845251817841,350784.92313507624,0.5986382880621386
True,79,1,10421.173655939687,442534.9776881435,0.8112386298776488
False,18,0,969.9284384611543,469824.07453848573,0.29626488921986127
True,70,1,14079.320978999787,454708.0328980716,0.7650268426147872
False,31,0,656.3378068365956,342096.0725227917,0.011885340029185065
False,40,0,573.1304825670096,345483.8408296435,0.7874425114599553
False,61,0,379.1795049599731,454824.5878179588,0.8994313825403332
False,61,0,922.0087587572328,459742.37979004445,0.6871312080823443
True,36,1,9501.934653466998,235228.47822051414,0.4674985323709647
True,66,1,7874.371528676183,428199.87430168164,0.09357603053272023
True,47,1,14540.45492492803,304402.26740238664,0.002976136901003401
True,28,1,5616.199395396007,181245.5371949451,0.663653018588982
False,76,0,325.8861949464129,479266.71756483,0.2464836490875102
False,78,0,914.6551523255316,502008.8734570783,0.18872080860046891
False,18,0,295.94452657589164,341130.94508592563,0.9837029416064158
True,22,1,4964.200738015594,144191.31994780185,0.5190957467905465
False,47,0,376.90351180002637,455943.73108680954,0.5081799643797116
False,53,0,248.74676748009693,333681.32688227796,0.9078203088214287
True,19,1,4791.647669799771,124102.24121153212,0.2310301668342275
True,33,1,9156.229323440917,213778.91684377205,0.02154749461735672
False,44,0,892.3172906395323,477810.6911881653,0.45883471987744406
True,73,1,7717.812324747843,461292.65905171377,0.9238844141325961
True,51,1,8408.175474043668,331042.3651973513,0.4421114973707443
False,18,0,485.14431097777964,381937.80001680565,0.4076604927390114
False,66,0,973.2692900650494,395916.53978180134,0.5727314561615166
True,38,1,8844.572221952083,246128.3931883343,0.8358466860149937
False,79,0,235.26156170263923,477274.90078275866,0.8602274555677152
False,50,0,933.5354233655814,405807.6844527036,0.8603542064177171
True,38,1,14817.993648367472,246214.12548445165,0.7062988328752062
True,47,1,13695.012908547389,305415.1762945641,0.5323273489747063
True,20,1,8448.530735390348,128718.26971526838,0.6331435645342001
True,58,1,14532.351726500392,377823.449613044,0.8452218296953826
False,56,0,735.3595166075822,353700.3566264054,0.4891591034454307
False,36,0,348.1959769162324,421387.31799897744,0.8366304577280097
False,71,0,33.55529941628343,379298.0560818217,0.5278584449570645
True,59,1,6548.744644981364,382567.6151909736,0.44359375037734816
False,34,0,568.6287274817548,351542.44033800805,0.5304712628616216
True,23,1,11566.543241373465,148486.6568929545,0.14883130948880796
False,26,0,410.24319295722023,375547.97275586386,0.2448316181874698
True,24,1,4432.9095667457195,157077.5684319499,0.21301015446904314
False,44,0,222.7733959514211,480395.82571758947,0.9084952765991617
False,50,0,969.5473688968136,444835.1627745881,0.3269282394063592
False,33,0,459.2289828850709,468950.5951533047,0.24530361742822515
False,78,0,886.0008916890204,478022.763180952,0.8969396419899271
True,20,1,6628.604739865542,131061.6169006371,0.051789884539872655
True,49,1,3527.34516348237,318035.9391268063,0.7759383489336007
True,50,1,14815.379719795827,326060.379045718,0.6026409664346928
False,56,0,274.6534894794996,438220.6236736233,0.7301720233504028
False,64,0,348.7289813901107,390807.8955888823,0.008636209165301167
False,77,0,361.9516594745957,337744.438263203,0.5241434438238848
True,61,1,5533.321424645806,396775.75118638715,0.08412346430196604
True,50,1,6850.539013308042,324101.772792911,0.9154554600966737
False,60,0,843.6339490418474,438396.80567639356,0.44913365997283206
True,67,1,8706.21253756772,434782.14541826217,0.8904573390303999
False,24,0,169.9060052640694,448571.18331134185,0.23792900015891083
True,66,1,7575.6946591459455,428865.6387823081,0.009152080302616938
False,25,0,995.2797535879743,500251.8765278993,0.5784604834977765
True,44,1,4097.094385993933,287169.2368541437,0.49069573432734626
True,76,1,4696.62533137936,479815.80330814247,0.7624793424273595
True,74,1,10928.6071317106,413824.4987728283,0.8508870829375965
False,58,0,895.6115976990035,516087.43236837984,0.08575609245631044
False,68,0,334.3155489827936,355859.09959915833,0.8018604681995695
False,77,0,648.8199317970121,492526.9563476641,0.33058787739787143
False,60,0,589.8281502941495,352963.8671036116,0.3526258096492165
False,52,0,816.1614707623756,397689.4537800562,0.3169429184176765
True,18,1,13989.071764123495,115987.04004570672,0.5740389639008476
False,71,0,791.5053732621571,508324.4811910073,0.37922993004323924
False,78,0,987.0330716991289,385057.6661154969,0.6555597166917098
True,64,1,12604.006183732616,415467.60651386157,0.24818818589472003
False,75,0,362.86814707911907,454982.0947338144,0.9394745467314806
True,31,1,14360.932640821875,201984.11796375868,0.4019614601285826
False,78,0,833.8771992471671,422894.3786122533,0.32814609181207965
False,50,0,146.87654362521317,460412.9410571514,0.8143685017104593
False,28,0,761.7529041059438,512077.8284586051,0.6268117820180373
True,39,1,8061.406540204771,253290.75374302253,0.11114064360786735
False,40,0,500.02212673187773,394068.6709263864,0.24927308756644517
False,20,0,752.4087286269706,461370.25382600573,0.2793475812924914
False,42,0,841.3619416210884,355040.5323019589,0.2382458187674792
True,19,1,5737.0830264257565,123684.48350379564,0.17456506810729044
False,68,0,558.5136544970945,413459.13422936795,0.01836571052635816
False,78,0,85.44032693986425,443571.0166344244,0.0820699673516172
False,40,0,731.7210952609475,382034.31861387176,0.3685571661505237
True,45,1,3268.456784705199,291246.45251625986,0.6269643719971874
False,64,0,312.5590859297549,480799.4221830529,0.0803419948728501
True,48,1,3928.0361513936564,310987.9273251975,0.9771695630814656
False,45,0,30.50959749016091,425451.0847341361,0.4058204702043672
True,76,1,11130.547897699917,367130.34932823194,0.35227755674227423
False,62,0,328.51250712592616,365536.91765219194,0.0628261890468863
True,45,1,5418.606224006803,291218.4285717263,0.3739183782437625
True,71,1,13090.285439432288,461979.87841583096,0.09461984073558938
False,69,0,821.891862823941,366333.79653027415,0.17874257240087899
True,40,1,5499.161905809137,259134.78414444727,0.4349928786859921
False,63,0,330.4464366587917,432578.8209813468,0.6077064852861721
True,23,1,12693.975931864461,148971.45850359104,0.743448561441666
False,37,0,457.5044134154458,367411.7916806649,0.2933662438325476
False,76,0,379.0978481892755,510770.80420048686,0.3362060492973602
True,44,1,13437.886577768022,284801.743288997,0.09861885062207187
True,26,1,8247.904262618076,168409.05912304856,0.5506693153632958
False,20,0,132.69913200316574,436473.7102774747,0.9916310033986956
False,27,0,851.5773231687674,452710.44460986013,0.43007960911756615
False,45,0,395.5885220804445,426528.5428328155,0.4979869605106759
True,51,1,8949.473272706391,330896.1633256148,0.30249978369252195
False,64,0,472.3342567591403,338023.64376225474,0.26429476517189865
False,37,0,578.1557539306126,395131.2225697743,0.27053349089734435
False,44,0,96.7733906118915,380450.4418496705,0.1803932451158643
True,48,1,5654.7086314866,312632.5789813451,0.8283978188799815
True,26,1,12043.081730738228,170144.11115818887,0.11511305406895778
True,43,1,8323.543220026822,278280.48113710503,0.4335889432333494
False,69,0,714.8861153856778,520383.18068151805,0.11052679940667098
False,52,0,990.9734607433263,419622.2176230603,0.29620757236084005
True,54,1,6474.638233153971,349831.4799075899,0.22049757029073724
True,48,1,14667.71245253115,312935.5601802302,0.125557475910951
True,71,1,12002.704094119626,460349.6947660464,0.3878054604022535
True,36,1,14545.51714317822,233308.53601531097,0.6587582466894398
True,75,1,4460.101716612368,459859.62400009687,0.7178785461495898
False,39,0,8.664493702769448,461589.36487287487,0.06036607189347276
True,75,1,9902.511922584155,458012.3752461876,0.22769122278762266
False,34,0,627.6805748772624,399622.6922447144,0.5723179079542482
False,26,0,724.5827033280619,362015.9141011701,0.18099195501280663
True,47,1,10927.494370445407,304881.9495982926,0.10196909823662736
False,75,0,913.8314623815938,398771.99745130097,0.008386515104713554
False,33,0,466.9948770158657,466410.03622489324,0.9068373573892988
False,77,0,186.65369543619016,435005.63269305404,0.7050121337798091
True,35,1,3538.2634329927896,227031.67058436785,0.17314062416030673
False,24,0,569.4460203270971,435195.39263420587,0.5620939947453618
True,55,1,8009.707477532889,357547.13680629135,0.2788128488010406
False,30,0,749.2713697689894,342417.51331801806,0.9529357238210107
True,71,1,5685.99469401568,460287.19925651356,0.33641135493437
True,67,1,9745.147264711393,435036.0446498317,0.08158143224417713
True,43,1,3720.4950907484786,278926.72716739925,0.9179061054689658
False,18,0,624.6458072149826,401695.7006777107,0.8962364702586018
False,57,0,262.36952237202036,344967.52326817345,0.31124718849717736
True,73,1,7098.81696812944,469255.869452045,0.1661422987550203
True,75,1,12685.85285436813,505539.9057812444,0.13554653811251816
False,71,0,914.5871139702365,518873.3274232785,0.08363663611481464
False,73,0,745.4248080083349,475860.3983407077,0.7144129789505205
False,44,0,747.9296517191851,341079.98393311247,0.5129011930759605
False,44,0,280.2373069974956,412925.60896938597,0.8474489466751813
False,74,0,534.901519526517,390622.9110823135,0.3302189673009046
False,64,0,351.29666943737936,441114.9779425103,0.16569354012449022
False,30,0,39.42476007075291,422952.73557228106,0.2161204928134729
False,48,0,882.3342649864353,455126.4680138303,0.05823821478746494
True,72,1,14049.70986658728,467748.0689333597,0.4842043341192257
False,35,0,464.64607591297556,396344.5282890542,0.6499032246183618
False,76,0,470.6226206098999,438045.94200836215,0.1623186436481444
False,22,0,994.8072571761711,452713.3476159942,0.16289550242355533
False,72,0,418.4713880953479,426510.9843079739,0.7474378049531065
False,59,0,889.1332526566073,404754.01362478995,0.872129589439194
False,42,0,342.86637343206706,473526.75297844334,0.18661772157622847
True,47,1,9061.720877799851,306711.8398561288,0.01637450320720435
False,52,0,527.4495190953211,381857.53096129635,0.43164437452278226
True,55,1,7116.726005422886,356539.46276281244,0.5651075335563349
False,41,0,840.2254112739863,357821.12151518953,0.1288692065510012
True,59,1,5578.820279912667,382394.1104463737,0.7808733016964908
False,70,0,379.2793509895479,357671.25139106467,0.8669603598509457
False,52,0,482.085624038749,415276.10053013475,0.4488867952938961
False,28,0,710.2817267042136,418301.8823421174,0.8516591013913051
True,35,1,11600.276554881006,228645.13788602356,0.07678306717268679
False,77,0,628.2655738326912,431080.96521334356,0.17547470710204727
False,48,0,654.8026427208539,521346.98947277013,0.3058608661892308
False,26,0,564.0071146235251,388224.8523911959,0.1835684523857759
True,75,1,9015.31098119106,470440.58448376326,0.08901166989892462
False,73,0,82.68565022201236,416711.191541558,0.48455701549052577
True,64,1,8212.534695472095,416529.98344003694,0.6009016825939314
True,25,1,9691.500130072123,163051.32075803465,0.4406174058310032
True,80,1,3276.0982358206797,517645.9666445457,0.03606044102155548
True,70,1,3621.319912816208,453950.9719501969,0.6603729695495729
False,48,0,402.73315353713366,487808.8767067801,0.6637025553890682
True,46,1,7641.349950946804,298062.61014600575,0.980181894577855
True,50,1,5779.5474362934465,324920.28393685794,0.7082324151484334
False,61,0,44.65792525380674,350639.60454434715,0.2959027419707818
True,26,1,8529.039166578421,169433.16305431235,0.6440159543835708
False,19,0,414.5848959677375,503561.33781000995,0.6828831762988674
True,19,1,7592.483080413142,124628.44901740477,0.5763469329439368
False,25,0,976.1881239205911,493356.3065363842,0.45478928050356293
False,48,0,935.8434062985099,456075.9593309301,0.7744561955883273
False,74,0,438.2723600135408,408440.0066735911,0.5856894601767181
True,31,1,9609.444765516158,202475.87479148494,0.08905328745015184
False,63,0,171.57087496975132,485503.38605592714,0.6428802035330303
False,38,0,487.3845918110122,416034.3061083885,0.9679813977597043
False,59,0,550.4218755090866,454235.16159271233,0.707080371802351
False,28,0,939.6644130308779,465811.13942334166,0.4585198864431205
True,42,1,4970.750975697436,273746.50606806885,0.9947412270301161
True,71,1,6236.352745192718,460433.06575898954,0.19147154630332874
True,77,1,5533.212943083357,476596.9925409665,0.4209138290181349
True,62,1,6810.121872824827,402501.2584617552,0.09283990438338019
False,41,0,545.2660992798925,400250.70958789,0.4224035169810777
False,80,0,407.99213983592153,394239.88936807704,0.42621410530314374
True,31,1,9350.064868874038,201267.70634094975,0.011292205339423544
False,28,0,595.4455821268307,473241.0335387012,0.8393793953020007
False,30,0,500.50198888284615,415583.59617247945,0.46551460344090934
False,72,0,686.6963491790639,341619.09087007336,0.1216880420075267
True,22,1,5406.429263900445,144097.3548606667,0.35864124520570795
False,49,0,849.7903132121951,368542.88629193057,0.40575356915415606
True,78,1,10291.966928050337,477046.2291189179,0.2222372353293144
False,67,0,532.2583483160744,363184.7518621159,0.3565648301163523
True,33,1,11479.816565373572,214571.98770215345,0.26059567452551824
False,23,0,844.8286534336077,390549.1990892365,0.22233290186417032
True,54,1,5358.486064439099,349843.5222569997,0.6763916252218681
True,50,1,12241.658905011282,326285.99325710826,0.5666061560680484
True,35,1,8045.193951738685,227847.13061056216,0.29600934863095407
True,58,1,7895.5264060192285,377488.32644462417,0.9505166973348648
True,47,1,6476.184100237397,304830.5692477744,0.9835513571251898
False,41,0,459.6043470253519,400617.8786276192,0.470159940918207
True,75,1,12779.39446553961,339894.8530472,0.13556934818979816
False,67,0,999.5572489918278,447870.34798785363,0.6669710278892623
False,39,0,797.2226796656671,449348.76621376426,0.0654722048033689
True,54,1,7357.903718804983,350487.00952565466,0.4504499835023371
False,34,0,657.9789348703406,340107.72731212084,0.00037808488215040903
True,32,1,5388.482481693281,207839.4511056169,0.22297760760016605
True,34,1,11909.080029680144,221955.86776863367,0.20005605923612735
True,40,1,9945.69869304737,259827.00823877682,0.13094969186846472
False,21,0,966.7620925789264,498852.6795441357,0.15315561434310698
True,22,1,6793.967926068025,143168.7877353673,0.08015822710132214
False,35,0,118.5242555058027,421316.1425899856,0.08110177289032827
False,28,0,267.12537747267373,466311.5830775404,0.9807155778549794
True,44,1,14717.363431786272,287037.2012176111,0.18465131964726322
False,61,0,677.8846631308026,491741.0758392014,0.2762055088686307
True,75,1,9303.0111852611,399889.43227979814,0.390929990683603
True,79,1,13309.71083498207,460392.17730233853,0.8727263610805709
False,67,0,434.5293996912201,349410.4809133092,0.9215666809514211
False,79,0,907.7140260263293,480136.1112558682,0.2812724146789036
False,20,0,421.58654711314534,499438.8421535938,0.1793438981394323
True,46,1,10701.159217445887,298660.93555083097,0.8882748777483289
True,27,1,13027.175990268937,174377.8273837556,0.7249207909542671
True,28,1,13003.556390870543,181946.8106029872,0.34326102707971196
False,52,0,299.01516817850285,404002.24386425153,0.39594459918677793
True,40,1,13736.049669419175,259124.53691623628,0.42069255567067254
True,40,1,4723.210698190824,260046.01943140657,0.6082564317874811
False,50,0,145.2316433762355,507652.1364500683,0.6116745697235921
False,70,0,947.1739312881363,467108.1883849454,0.5231916337105056
True,51,1,4967.094488942962,330288.79476184363,0.08172143295140422
False,33,0,448.3774009965167,468108.9318272373,0.348147831461306
False,41,0,488.09717881026984,468648.9466258,0.1351219919824609
False,25,0,763.6001760469519,454221.55569188227,0.6838974970129003
False,29,0,816.4744094318808,447275.7521332832,0.6187362247449026
True,45,1,5522.668304937195,293732.20311186643,0.5935538053300978
True,56,1,14038.621517678774,362897.57005101617,0.5235952394730654
True,50,1,12938.042798024531,324897.2041659984,0.286491107069643
False,38,0,180.0407740494685,460934.50416585105,0.8527579170836737
True,21,1,12942.514871431982,136952.8142381387,0.24596745344247495
True,29,1,12692.818545471871,189430.28148670282,0.7014181726499726
False,49,0,359.3800264610033,463873.7500111626,0.009670767623561782
True,32,1,8041.81197391956,208844.5109086253,0.8841688071977156
True,20,1,7362.239693712481,130295.86427635093,0.7879843022124371
True,71,1,4719.804260355844,461341.31297722424,0.79569844889866
False,77,0,31.304145377360705,340129.7121184147,0.928915238393157
True,49,1,7578.134008386783,318015.58419158333,0.8952476846277406
True,71,1,7380.123137522357,461881.4809973957,0.3350739197063488
True,49,1,4695.202127235307,317817.6693772702,0.08444028174718854
False,63,0,243.0018084393215,504190.83275063225,0.923389246280982
True,26,1,13877.061019715891,167944.8529525391,0.2926542654373948
False,46,0,879.6037337143669,498220.4910070114,0.028219850982729833
False,60,0,744.4458812709381,349283.4645461774,0.5271386471194486
True,75,1,4531.142611201043,429266.3259767387,0.9450271905828918
False,24,1,3174.0293148299975,156825.2558647687,0.1372363321351926
False,74,0,41.978368526638945,365238.4833829536,0.0866033813894046
True,19,1,10981.7968209304,124180.719405519,0.7907779894274846
False,73,0,247.23316102498293,433777.8414635481,0.9287067509377919
True,45,1,14724.401516791355,293609.7800406146,0.9269040402931404
False,46,0,535.7191245684514,341207.9915132276,0.06718595100724234
True,43,1,5760.474817880884,278848.4311937991,0.35234564013939196
False,65,0,927.313876759558,347627.9278146977,0.23031480648401448
True,20,1,10645.503280480525,130007.56351067602,0.3703036673975033
False,45,0,311.09061988224306,360635.724537601,0.03862993109318469
False,50,0,82.5027657576517,444545.6924062128,0.323431940417758
True,57,1,5742.3891482038935,369920.89299604326,0.3628435395819428
False,63,0,960.1484958049613,485778.92131054075,0.4330846282453017
False,51,0,461.3931265489727,450268.05063837866,0.46757570120140723
True,43,1,7708.157347101993,280656.3223305162,0.19828639032476658
False,54,0,124.94847875260773,371419.11879396986,0.5417135202413597
True,25,1,11288.599020047508,161240.20185823023,0.5999315850630904
False,28,0,552.1624539224089,396854.964394106,0.7638257397863354
True,25,1,8357.342160530625,162333.59924329916,0.08618008450338566
True,18,1,5257.13451134345,118241.5941290094,0.32249030082023133
False,59,0,338.8898841069585,423502.5412495319,0.43938107694998363
True,68,1,11220.54693285071,440789.66263026913,0.3909801301269801
False,28,0,21.252851070693524,497111.6969994101,0.5008948779625525
False,54,0,406.7524512523079,489741.6424950933,0.9130643532354686
True,45,1,11527.50432296554,292332.9678854406,0.007716893129963154
True,80,1,11666.560889386392,438551.1530877205,0.35193956112234837
True,26,1,13363.782248427175,169921.3346311463,0.5486483665833549
True,35,1,14960.560251117,227540.78549625573,0.34120572973804997
False,21,1,3178.565889589491,136422.165301491,0.5391613509588855
False,54,0,615.6160365740815,459358.22308859555,0.7212883667809308
True,42,1,8580.348340227873,272166.68184374215,0.71207482647939
True,22,1,4584.015838957027,143811.13664854688,0.7959794339880975
False,28,0,924.9449897368735,505481.4284166958,0.4891371803253022
True,66,1,7240.843811660115,429991.97014670307,0.7289840724025519
True,19,1,6040.6302766342205,123206.27936947375,0.7889847573427001
False,79,0,280.7956559648079,469216.02688547806,0.15921836885703422
True,61,1,4823.834218454349,395618.160617901,0.6046699705749903
True,28,1,7126.927030840436,181983.29931458994,0.758551027218112
True,28,1,7222.113403169519,181409.90779409284,0.40495595554909714
True,62,1,14132.946347308562,403218.1829861656,0.07055492492387949
True,44,1,13105.732913175918,286340.09601607954,0.4768010433461838
False,52,0,616.7975802969314,354681.8821756514,0.8206708950277708
True,60,1,4407.394536324613,390056.74108105205,0.7807944828154916
True,65,1,7785.192839478982,421661.21008462965,0.4815193244615493
True,31,1,5959.0018824510435,201981.6763369053,0.602402721604044
False,54,0,120.56816725127051,359203.50890479184,0.1589524000181679
False,66,0,343.5826624568744,501633.7413629834,0.14782516127523282
False,24,0,0.32938982731045563,381074.9403830403,0.31503272861265375
False,26,0,236.62781064111226,437738.76376262546,0.33806965911291986
False,31,0,68.26852806768946,415802.14719573315,0.25486639000184386
True,51,1,6649.464792994285,332502.36751976697,0.028823595595626417
False,43,0,500.6365112113772,359257.61619849154,0.09661369156985389
True,22,1,5860.435413943042,143065.35734781207,0.6115760388490742
True,58,1,13799.177886677991,378075.8130620791,0.4729467923037546
True,23,1,11907.446178828593,149849.2237538307,0.47099198686833954
True,70,1,10079.614665779298,454204.2839740899,0.6976963463034942
False,47,0,952.8789693342643,391632.8295630967,0.1831590048176971
False,32,0,817.0356204225626,361983.097771143,0.2966553812745578
False,80,0,825.1744734639861,433428.7489014807,0.04403821438936417
True,60,1,8598.140303061391,389691.2239096862,0.8725339693128583
False,19,1,5025.239985827397,123848.46585318183,0.1363221200940159
False,54,0,539.9447670042812,385537.42020036874,0.6166109563999285
False,67,0,841.0212909767735,440568.7556109958,0.09052976517293365
True,27,1,3248.7431930286616,174724.78007168544,0.7154605262672716
False,44,0,3.762028383704652,490678.42825267476,0.3411336886250588
False,41,0,916.8526312003394,425999.13381534984,0.430073714233404
False,55,0,935.3681571941577,480020.9240945612,0.1979548000179877
True,71,1,6782.834875277999,462261.5476229136,0.678354199530724
False,34,1,3744.509361617962,220405.93972337223,0.01846329291569415
False,21,0,268.20153762664603,385497.9957560134,0.18886498036243715
True,35,1,7309.724791154214,227633.43369704756,0.5868761334501704
True,38,1,10997.238230151595,247137.28116498768,0.8217835888395898
False,43,0,362.8516302202578,371649.1153853921,0.2757171320162537
True,29,1,12940.87837207624,187996.07451768927,0.774408151263812
False,30,0,294.49926516904026,417451.2801741419,0.3667382533649858
True,40,1,3968.695150121626,261081.1681406675,0.4086942089490371
True,20,1,7305.993405796233,131250.79473492273,0.7569791441586442
True,54,1,13935.327620988928,350482.50166538154,0.5641163303157528
False,39,0,942.6238709425301,483128.190702527,0.19433794498554402
True,29,1,7881.568229158749,187242.27524633735,0.30707912689371597
True,50,1,9756.177080430678,325414.3889291095,0.7684094251077606
True,65,1,4240.233492693711,423028.8825549678,0.6922226725800488
False,72,0,192.93678833807436,335794.5033713141,0.4401484975832859
True,80,1,14848.32308406669,426125.8110826989,0.8495758596148045
True,26,1,6851.078015372035,168694.71098955383,0.34498977088311267
True,45,1,7248.658815019826,293264.2823318167,0.6023335389154414
True,18,1,11385.75691908631,117820.65983346004,0.5380742287901629
False,23,0,466.703868599354,343148.7229317339,0.855072104669119
True,39,1,12375.248096493719,252951.79374504654,0.9710216571535244
True,19,1,13721.45421873948,124340.35879615255,0.023087632040396433
True,66,1,10807.789913693763,430188.0339872438,0.5782307418079303
False,22,0,391.06400140938314,427758.1697561627,0.3636175080641577
True,30,1,8272.374749869185,194189.4407449604,0.43313556139849363
True,34,1,5559.2451778169025,222247.5920851115,0.6221994111834637
False,35,0,152.24582531746134,406192.5790048122,0.9925505390734051
False,63,0,873.5266251167285,420471.6089381349,0.7084225926160324
True,28,1,5981.058490219163,182395.0000425226,0.18169199120976243
False,54,0,534.8473085270995,421750.5465945026,0.7512569954153192
True,65,1,4764.768285935878,423251.294277577,0.839009468232808
False,64,0,551.2384097996134,410879.07011708245,0.7839491473676398
False,51,0,745.4933116990742,406856.0414187751,0.8615562439028218
True,66,1,12748.006711099373,429438.9784811648,0.11862289383549562
True,45,1,13044.529463975392,291760.3444416281,0.418155227123012
False,74,0,852.5823145256536,485094.2152336177,0.3335229218785305
True,48,1,5607.424169941337,312797.55311469873,0.4196943214423441
True,66,1,7233.188436205197,427848.8551273884,0.7804728286613549
True,71,1,4660.898236343154,462015.76292817324,0.962457340399843
False,59,0,961.387884494488,417402.76226026827,0.10019305736416162
False,70,0,992.431050481009,432287.85977135,0.08846497636314077
False,79,0,695.4710386413,494037.4067017474,0.47064309770536106
True,56,1,12135.414054391766,363106.4213138507,0.31471528677825966
False,36,0,37.442933220620866,448742.0030632454,0.24347893410228383
False,33,0,38.66273224085581,480290.47754639486,0.5633743840641562
False,22,0,923.1359323043838,432812.8651461469,0.3417301352785487
True,31,1,9580.95264676974,200468.9932760908,0.5825645634268425
True,38,1,11998.046205171919,248114.69037175833,0.14147042975416402
False,26,0,779.9919740632275,387883.7698409531,0.3869559942791564
True,21,1,12850.805588983498,136191.17582426217,0.6070245725595422
True,59,1,4808.2303817425345,383295.30935374013,0.39997594474942755
False,66,0,403.24399675349764,359365.00713855645,0.3676397139176698
False,58,0,965.518344187477,355662.3144776611,0.06875683751095496
True,72,1,14403.920470506555,466967.25243531365,0.3354094710003035
True,80,1,8257.16661049311,356508.0536546351,0.9520570334847974
False,33,1,3298.0137567471606,213981.37443913394,0.20765294904215104
False,73,0,794.970388649013,419599.65271459403,0.17358828009253324
False,20,0,776.0155282463736,341450.6518816518,0.6712712576705236
False,77,0,624.7380504008381,389490.7966744704,0.4225062588809453
True,55,1,13611.343832783885,356780.4396388796,0.4695727140117918
True,39,1,10154.168796932272,254103.58201241677,0.20957599101863555
True,55,1,10880.90684392379,357340.586843781,0.45306874533136
False,65,0,891.6208360584593,379480.46986833785,0.19735710749554491
False,56,0,973.0529492445567,359892.3972680025,0.5518819932201
True,61,1,6484.090764962057,397103.93613969145,0.020948474708511355
True,47,1,13737.819206110558,305400.9175195299,0.037707057594979276
False,54,0,303.30612211083496,480961.19051290734,0.18729114801570057
False,39,0,965.8636158421577,440729.0467719793,0.5249222720573335
True,29,1,11167.990116350895,187531.07417761002,0.8622777048624316
False,34,0,547.4771796059379,471201.29554369504,0.10914212759998232
False,48,0,620.1530987172416,466610.9110230229,0.8633695521372937
True,66,1,6513.790523731731,430100.3267470564,0.4472647330484212
False,63,0,471.1904414736334,459146.9228900721,0.13008066835633236
False,40,0,164.52384145713228,365726.45893317286,0.8694550218585537
True,31,1,6194.045173294934,202585.2073013248,0.48390940877170907
True,80,1,12213.087586184982,352463.6962691799,0.09256609699500373
True,55,1,8742.673505997109,357176.2883829602,0.8466596557911732
True,55,1,6210.97484793983,357495.52623347816,0.4010299072725769
False,49,0,386.6541014095454,377834.26350063964,0.35582164512523107
True,33,1,10278.311095133517,214692.89018630935,0.4332905466823401
False,43,0,332.1148387834273,464899.88077856146,0.22134540749156484
False,80,0,101.55258700850078,387044.0859538796,0.5672629011845808
False,18,0,768.6950821950588,433124.63594682276,0.9915454694976327
False,25,0,601.4039333823013,366570.5705286593,0.7558637036604008
False,33,0,208.42556954203783,508869.92180975806,0.784185036908595
True,71,1,7606.14672266761,461619.0933950885,0.7811028451096586
False,28,0,456.3890100444343,516592.382730865,0.13377116028995617
True,43,1,5502.275769336374,278473.5755959284,0.6449142168868106
False,47,0,146.55900460563586,392697.36079508904,0.5703007745551871
True,79,1,10293.167503330646,514967.05277198844,0.856144633443706
False,32,0,324.75407263020975,401588.73786779924,0.4001096408539353
False,63,0,707.2311005254844,465842.4639307946,0.17894672001100131
False,68,0,529.8567532960476,455202.0159990905,0.6564353773343607
False,38,0,466.0182811441669,517981.48332595587,0.3368061274138431
True,62,1,6974.393611281824,401734.2057566155,0.24978320039228719
False,65,0,812.1271317816278,454040.9485614186,0.23979952238850488
True,57,1,4450.179245586675,369692.94266674324,0.9341940568911796
True,66,1,11743.703440154717,428625.41315657913,0.8211061213892988
False,50,0,591.6995715790265,495344.24116591195,0.6181936521313326
False,28,0,404.9086341838462,399913.574837011,0.225052466464701
False,55,0,119.88160284746819,520981.44063642045,0.3053679150896612
True,68,1,10081.558327031657,442374.2611176076,0.8001588802559912
False,60,0,516.3498431018556,473290.50030637474,0.04842348932679885
False,53,0,833.1755667636177,461534.530958589,0.41271431234695766
False,53,0,155.43774569577363,515278.1204774169,0.5192094191533293
False,44,0,191.206136357155,404315.84877223393,0.8431622002209399
True,22,1,9743.096288341692,143798.13117921483,0.581548574056592
False,20,0,506.3495901763445,498524.66492919705,0.08283678432401298
True,32,1,7004.714671709468,208075.64470357506,0.177433369035926
False,47,0,365.5778536528389,425117.6313110175,0.5494660924315666
True,35,1,14981.668705590826,227357.9644342448,0.21536577217021247
False,63,0,809.6463685143262,507904.43695966026,0.5855604115863866
True,75,1,8713.241962788179,417820.5733146765,0.5298369271476612
False,53,0,604.5424836739276,487885.74499190965,0.41695265934282655
True,21,1,7054.883869753568,136320.01526934223,0.6917000287249011
False,49,0,989.4035426472248,457473.98998887336,0.23811566968843023
True,72,1,11338.850763787987,467443.76065318513,0.08837085332274885
True,63,1,6062.248640447942,409349.46305479214,0.9682945309801868
True,46,1,9045.193258515485,298910.1962835353,0.4314754445407992
False,32,1,3281.0123862074634,206997.97980927172,0.9697755400873421
False,78,0,692.5952109978767,457035.48507939564,0.8002691016514168
False,36,0,890.3455816150602,379108.5959772882,0.4347311955971491
True,46,1,9773.825278946588,298557.52501640626,0.13427231025217734
False,24,0,541.26881948275,468025.8445424782,0.14993810244307848
True,75,1,14652.937704406704,468067.9433717363,0.011641214236089548
False,39,0,34.47964350361576,435726.77522089286,0.6281709067219408
False,35,0,507.33003971533077,413228.58544817456,0.05509087015250336
True,79,1,13496.524192341969,483461.5021488898,0.8471805368988576
True,40,1,8017.001507237141,258723.91027307196,0.44904955217866793
False,19,0,509.0947193451939,513165.64057825884,0.5551816107610245
False,19,0,310.59508527026804,489122.46814827935,0.42597147822904635
True,20,1,12656.326850406896,129560.88147845722,0.10237618981515617
False,23,0,923.5107788408123,400513.1365850818,0.7190811214359968
True,61,1,3116.9618914370326,397587.1296897791,0.7835105297023084
False,44,0,701.7202857591664,458703.3086118082,0.5124274978022317
True,21,1,9302.88367138712,135478.14016342163,0.5908122486470049
False,66,0,313.26123102482507,403972.73310218664,0.08888359089277631
False,55,0,166.13758673906787,336733.60504486493,0.7054855021227487
True,56,1,7190.7125538987275,364783.07292478724,0.7517684153851286
False,30,0,399.73995750172406,453161.56572392606,0.3544762745312007
False,62,0,646.7091795080577,395917.21872827294,0.8325268110535327
True,49,1,12799.69334377029,319457.8123754986,0.983349537022825
True,37,1,14858.250472491385,240752.7391180129,0.06442636209958075
False,36,0,93.74572601506725,518559.2889929377,0.14948505492340558
True,25,1,10681.112440877829,162331.07990257232,0.049893336810340805
True,76,1,8406.468592175721,401361.9053375324,0.03274021901123436
False,45,0,266.40509829707185,466179.2954592794,0.8627095926848473
False,53,0,550.0839817527661,465442.9177283269,0.4014586477067984
False,74,0,872.7428675264499,494731.03973082337,0.9272469368321707
False,76,0,282.12094783873175,510267.3714049882,0.9046254224030609
True,46,1,3141.824457115256,298839.91752693406,0.3443976026402652
False,62,0,28.626877946467122,511512.5135114159,0.24497580735634117
False,27,1,4560.137808891587,176050.3795688752,0.049745124295380805
False,79,0,297.68513322370126,499760.6175652584,0.9989756714338021
False,74,0,371.6666430373422,343381.07101637806,0.40723819761861046
False,55,0,191.35862319538754,500550.79379069,0.8170870288223255
True,70,1,5670.559173000656,454796.4652601234,0.5210982518414414
True,20,1,14203.132820506436,129375.95358295117,0.5409483397822572
False,19,0,195.1372227842808,469355.4183234314,0.4456742259533235
False,35,0,713.419530786858,400744.0305754314,0.31629397166212936
True,37,1,5228.07717296159,240216.9190928619,0.752284625885629
True,58,1,12617.762642667445,375726.4899014946,0.1991615806570416
True,61,1,14890.521068612748,395848.7181488755,0.24432246656950307
True,49,1,12652.679901736645,319106.1625228268,0.43880577130704035
True,44,1,12653.284671740741,286950.44830677705,0.44759092121591193
False,71,0,61.769857069972176,483059.0122236654,0.006856425810354949
False,76,0,406.1601269120592,336495.4325435441,0.6973447019178961
True,29,1,4454.62971287891,188683.24527833308,0.12508312926567855
True,70,1,7338.811811393359,454917.7551732248,0.2143319058531712
False,42,0,494.1195444934335,453111.8013524004,0.9337927733574771
False,79,0,122.9874113256415,447094.63191486074,0.031350430062585755
True,73,1,8877.969601273535,501114.4565106388,0.409570304205094
False,46,0,967.5563388916319,488873.79145303095,0.6416955678886802
True,51,1,13619.695177938054,331032.11094657873,0.1041113616088678
True,78,1,6516.213444568484,503170.8188817601,0.5923935196231996
True,34,1,3740.0677531658616,222231.1320476368,0.12311603893706913
False,40,0,842.470216087698,362933.14462719066,0.9866405321972115
True,40,1,12696.297668501478,260892.0478252032,0.9514371713792831
True,45,1,12244.314077395997,291436.89308416296,0.7781136344522873
False,23,0,855.1604434440616,512763.03331991134,0.7379008268351277
True,72,1,10824.447954098447,466980.38078894577,0.5333488072302375
False,25,0,961.9471910259523,515173.4185958992,0.0464192167346803
False,23,0,765.5564786450824,392184.853678949,0.12973949529684214
False,69,0,355.09827654112934,366481.2960283248,0.8587314719637239
True,68,1,7500.250399387277,442983.1888526511,0.07153983725820767
True,49,1,8365.761502220852,318960.8500496088,0.6539244320910924
False,33,0,548.2965067095766,423062.2667862213,0.403777933038322
True,71,1,7980.629091975524,462206.72324667283,0.4040673179585509
False,23,0,345.84234448690097,375395.77660473867,0.42767836722924435
True,22,1,7802.219348497452,141861.64996797335,0.3283186975248147
False,55,0,603.7749259035556,516507.4180793036,0.04821231844870244
True,71,1,4694.473909341887,461291.46216246695,0.05031825154387626
False,19,0,165.30356563429416,424739.5785017644,0.10289111862692124
True,36,1,14831.690022766608,233731.6169529471,0.33880626718833495
True,24,1,7609.139128543803,156762.21286406036,0.9054433623782527
True,60,1,10907.670655216127,390418.21947148343,0.7128022690413391
False,59,0,540.7067603054729,386001.2442337186,0.29553625861299293
True,47,1,8128.189541682919,304772.1660013834,0.8407614029405744
False,61,0,865.0342829258503,516689.46188191604,0.3580723602638286
False,21,0,857.1502379377695,434011.8035244634,0.5524687442053906
True,29,1,5189.109880559443,188249.30089049114,0.7755473632921308
True,47,1,10700.306733445408,306609.55087198474,0.8676889619160423
True,31,1,5472.784933640988,202797.669758543,0.5253715752010616
False,76,0,236.46273732832955,501169.37628277915,0.7402994233310218
False,54,0,712.833300220005,439101.6131086899,0.9535136001268052
True,40,1,11209.835700939748,259051.57656496455,0.6676796337019222
False,77,0,239.89895614905754,356396.685856468,0.37180443699558907
False,58,0,817.6344947465493,343304.7361522428,0.26283262040324384
False,65,0,247.07656222462526,395063.28694741824,0.15418602759028144
False,19,0,782.4411569346232,475984.79012360465,0.41178839768115194
True,48,1,7039.942150552334,313209.9530429738,0.24944744665131258
True,73,1,4240.877041138453,337807.4056936739,0.7680370209269993
True,68,1,13449.0644753781,442153.23158304853,0.051734820255977976
False,69,0,823.7235044902146,360477.3857989004,0.7739423284253399
False,79,0,272.6725779791899,433027.9300963361,0.4921640507989409
False,72,0,710.2954925282718,341706.15694063535,0.19400050335789587
True,77,1,4926.220539543709,461198.85903527634,0.9537826447741578
False,47,0,250.26343350895007,368362.4404090327,0.43127129643919315
False,35,0,191.52230584512486,422723.95111516427,0.019700556021818083
True,20,1,12756.471054980042,130859.52233099463,0.2858253005496011
True,80,1,11476.946507983284,432705.52487664367,0.46636804646181695
False,39,0,857.0283762521499,402292.9589219364,0.6557154902475757
False,35,0,424.8846568717175,364718.3622803192,0.418107597996228
False,66,0,164.28663507458296,340727.9961370013,0.723181009930644
False,53,0,43.191478560732136,408758.00855038356,0.14476922148203752
False,63,0,187.3539059804833,400159.46963821095,0.45430757656956333
False,65,0,279.4465860342913,445386.16797587887,0.14204993764871388
False,47,0,537.0667693796356,496733.71637510374,0.5732323023821008
False,23,0,559.3965532809547,387789.07543546834,0.29856069914747374
False,24,0,352.6419035505238,412461.5750205044,0.6877323198431193
False,67,0,0.24846868647843134,409941.6713450939,0.42360189714328655
True,56,1,7089.23780006292,364290.4630846591,0.8707410979064002
True,73,1,4804.765803615893,409048.0846922169,0.23864506687610876
True,44,1,5130.586298009481,285548.41463687946,0.781476174714906
True,39,1,10966.10411475494,253951.1358525686,0.0896747824450621
True,31,1,14963.487586013913,200293.2645385603,0.3390040416870834
False,53,0,585.1400405651813,338086.2308546387,0.5408733174396423
False,80,0,439.32386022753747,345700.34092802135,0.8777528091157324
True,64,1,9433.595176091458,415626.6068138937,0.882739423411673
True,60,1,9682.731758601842,389222.8121197383,0.1565124819933943
True,62,1,6651.874859833138,402846.766951223,0.043409544353064655
True,48,1,11294.023783541334,311192.3061961578,0.0005868353751119493
False,78,0,208.95560193697327,390124.2476054206,0.6380303866880828
False,63,0,762.5445226282326,453198.04027609894,0.5333766649588813
True,18,1,5851.689973452009,117425.15551054387,0.05900914239270072
True,50,1,9212.386935997125,324639.40658360143,0.8087767620316426
True,32,1,9323.198489146615,208443.2482443204,0.32744592972852604
False,44,0,496.8882532795581,468126.6738976005,0.6933732252022126
False,29,0,743.3948454110551,483497.8851900604,0.10865733193691274
True,48,1,5865.197501603874,313091.22803548985,0.5695464729559149
False,34,0,712.1358435380961,450650.2654563042,0.6774348224067008
True,75,1,6797.994794803021,405265.95453423774,0.022356056104196442
True,18,1,9260.657760256885,116300.48885790279,0.27309915147849095
True,77,1,12766.79699458639,348314.58417737496,0.042579999534423374
False,33,0,773.6798103833581,454166.624707105,0.6701114512008352
True,18,1,5540.468448495081,116789.40709661397,0.5516068065417963
True,34,1,14603.066199204617,221167.6260911437,0.8262237464510662
True,47,1,4322.317151393213,306522.6641737426,0.5793903612595421
True,75,1,10160.98832212629,348646.3504952123,0.5076082253777628
False,74,0,752.9723591663608,483987.7909234147,0.240772826669588
False,18,0,771.4711212610653,484720.73806584894,0.44343997087572806
False,24,0,750.5887778942796,516153.18002155627,0.4112735761724646
False,52,0,406.1770671129197,466112.3481498448,0.6653187929056382
True,69,1,12976.03288654323,449078.73759593786,0.9368826556403602
True,46,1,11959.698554832923,297710.2888429633,0.9814219653050732
True,19,1,8191.167687636686,122761.79322446366,0.683823211598652
False,33,0,772.7939925633302,458168.6292830845,0.7605632317860752
False,22,0,438.26823924147004,343875.5995916572,0.2623611814438549
False,62,0,634.9517504287568,494458.62027502235,0.31570437565698806
True,36,1,5781.665765648277,232852.269592673,0.8725660821007453
False,37,0,564.1428678175157,349256.78524285555,0.5748200409649581
True,43,1,14377.863601745741,279753.7649794612,0.7216267091141819
False,66,0,353.46621104269593,383731.5029566093,0.029497395306074536
True,57,1,9231.773263978737,370097.6948585122,0.12312211126542227
True,62,1,9303.888390617281,403860.35853727395,0.13728542633773377
True,29,1,13299.973112027927,189183.42292896635,0.6387267765019435
True,76,1,8971.517615035797,406465.18520417105,0.16505523649974785
True,73,1,11884.077478450112,354233.48535730416,0.11145274607494238
False,67,0,982.905185041549,340450.0874968506,0.14016999243330353
False,36,0,745.4782371485874,338722.3220774268,0.9422409649568426
False,78,0,755.4999050083751,360266.6395627884,0.43480376511436325
True,58,1,4411.119137219635,376295.9554293837,0.4580894323309991
True,68,1,8324.890254021631,442451.9164213725,0.9429520451628938
False,74,0,481.32324691040697,358706.8245382261,0.8344765460680944
True,48,1,14986.379094344755,311175.5214435385,0.2674187462713047
True,33,1,4275.635087679359,213667.6597466221,0.7916525527431907
False,35,1,3332.5200169777568,228009.15481230654,0.19311266854891362
True,23,1,4695.589242490146,150109.37331884084,0.19013254342163477
True,42,1,6162.619601669902,271846.71056024777,0.7930537080384945
False,23,0,924.3095032492025,398472.33959195536,0.5975523391277142
True,28,1,9835.60935289806,182812.6623163939,0.5049314830889067
True,78,1,8299.44790520973,443861.7820458299,0.6689748430932025
False,23,0,180.04731559154197,393583.42520977877,0.5533544518011959
True,27,1,13134.958817555651,174880.3558799153,0.6598104996714784
False,33,0,935.7786670487675,387096.6748971654,0.43071467363014404
True,37,1,14511.926323003974,240790.64016912895,0.5771901259931848
True,54,1,10296.816149739474,350806.656047696,0.7747501136567065
True,48,1,4445.224932563782,312922.94329524785,0.512708496463693
False,43,0,907.5201467381748,418332.81180273194,0.13842961076564753
True,49,1,14753.591301265116,318746.56154709467,0.6800019536833493
True,50,1,7355.838978866443,326158.57231841044,0.9690864861181206
False,34,0,56.425625536034914,341878.9494945943,0.21744308705662652
True,74,1,7278.41334150648,427362.1821329392,0.8966104810221026
False,32,0,875.1924048812185,469185.2252492869,0.22195901413712915
False,33,0,22.57605469785906,435789.45685051545,0.34186921569307294
True,61,1,14469.676857538574,395698.0788856468,0.050413897350451986
